{"val_noaug": 0.8970588445663452, "val_aug": 0.8627451062202454, "time_noaug": 77.20030188560486, "time_aug": 103.94275736808777}