{"accuracy": [0.9319853186607361, 0.936887264251709, 0.938112735748291, 0.9338235259056091, 0.938725471496582, 0.9466911554336548], "loss": [1.272426962852478, 1.2658848762512207, 1.2587474584579468, 1.258302092552185, 1.2549511194229126, 1.2253806591033936], "val_accuracy": [0.9117646813392639, 0.8774510025978088, 0.8602941036224365, 0.8700980544090271, 0.8676470518112183, 0.8627451062202454], "val_loss": [1.242470145225525, 1.3148361444473267, 1.3718680143356323, 1.3994592428207397, 1.4090540409088135, 1.4081697463989258]}