{"accuracy": [0.17892156541347504, 0.5986519455909729, 0.7555146813392639, 0.8204656839370728, 0.8694853186607361, 0.904411792755127, 0.9123774766921997, 0.9221813678741455, 0.9197303652763367, 0.9375], "loss": [4.057574272155762, 2.678004026412964, 2.069949150085449, 1.765526533126831, 1.5850142240524292, 1.4621751308441162, 1.4031871557235718, 1.352721095085144, 1.306966781616211, 1.2632112503051758], "val_accuracy": [0.561274528503418, 0.7401960492134094, 0.7990196347236633, 0.8406862616539001, 0.8504902124404907, 0.8627451062202454, 0.8823529481887817, 0.8872548937797546, 0.8872548937797546, 0.8872548937797546], "val_loss": [3.0326669216156006, 2.198094367980957, 1.8428444862365723, 1.6568347215652466, 1.5512393712997437, 1.4962750673294067, 1.4486771821975708, 1.4212732315063477, 1.411624789237976, 1.383794903755188], "learning_rate": [0.0010000000474974513, 0.0010000000474974513, 0.0010000000474974513, 0.0010000000474974513, 0.0010000000474974513, 0.0010000000474974513, 0.0010000000474974513, 0.0010000000474974513, 0.0010000000474974513, 0.0010000000474974513]}