{"accuracy": [0.026348039507865906, 0.039828430861234665, 0.06433823704719543, 0.08517156541347504, 0.0888480395078659, 0.11274509876966476, 0.12867647409439087, 0.15318627655506134, 0.1513480395078659, 0.1721813678741455, 0.1776960790157318, 0.18443627655506134, 0.17953431606292725, 0.1985294073820114, 0.2291666716337204, 0.23651960492134094], "loss": [4.604699611663818, 4.300837993621826, 4.144333839416504, 4.003304481506348, 3.9103665351867676, 3.827101230621338, 3.7772417068481445, 3.7034246921539307, 3.6855008602142334, 3.611978530883789, 3.5597543716430664, 3.553692102432251, 3.4816858768463135, 3.463179349899292, 3.3972861766815186, 3.3638339042663574], "val_accuracy": [0.014705882407724857, 0.05147058889269829, 0.06862745434045792, 0.10294117778539658, 0.09558823704719543, 0.09803921729326248, 0.14215686917304993, 0.1764705926179886, 0.14215686917304993, 0.21568627655506134, 0.17892156541347504, 0.17892156541347504, 0.13970588147640228, 0.20588235557079315, 0.2132352888584137, 0.21078431606292725], "val_loss": [4.5960564613342285, 4.1962103843688965, 4.0083394050598145, 3.9101176261901855, 3.925807237625122, 3.893996238708496, 3.83268141746521, 3.688805103302002, 3.977877140045166, 3.60017728805542, 3.5858352184295654, 3.7485949993133545, 4.261201858520508, 3.627851963043213, 3.5878779888153076, 3.6148905754089355], "learning_rate": [0.0010000000474974513, 0.0010000000474974513, 0.0010000000474974513, 0.0010000000474974513, 0.0010000000474974513, 0.0010000000474974513, 0.0010000000474974513, 0.0010000000474974513, 0.0010000000474974513, 0.0010000000474974513, 0.0010000000474974513, 0.0010000000474974513, 0.0010000000474974513, 0.0010000000474974513, 0.0005000000237487257, 0.0005000000237487257]}