{"accuracy": [0.7414215803146362, 0.9031862616539001, 0.9436274766921997, 0.9528186321258545, 0.9730392098426819, 0.9761029481887817, 0.9834558963775635, 0.9846813678741455, 0.9883578419685364, 0.9914215803146362, 0.9914215803146362, 0.9889705777168274, 0.9883578419685364, 0.9908088445663452, 0.9938725233078003], "loss": [2.000457286834717, 1.4258955717086792, 1.244137167930603, 1.1799966096878052, 1.1291381120681763, 1.105592966079712, 1.062227487564087, 1.0616230964660645, 1.0356210470199585, 1.026231050491333, 1.0295591354370117, 1.0214083194732666, 1.020159363746643, 1.01786208152771, 1.00932776927948], "val_accuracy": [0.8823529481887817, 0.8897058963775635, 0.8946078419685364, 0.9093137383460999, 0.9191176295280457, 0.9166666865348816, 0.9240196347236633, 0.9240196347236633, 0.9289215803146362, 0.9289215803146362, 0.9289215803146362, 0.9264705777168274, 0.9289215803146362, 0.9289215803146362, 0.9313725233078003], "val_loss": [1.3936020135879517, 1.3438985347747803, 1.3014585971832275, 1.2693774700164795, 1.2339109182357788, 1.2234982252120972, 1.2152166366577148, 1.2022897005081177, 1.1925543546676636, 1.187029242515564, 1.1830588579177856, 1.1811720132827759, 1.1784839630126953, 1.17666494846344, 1.1770015954971313]}