{"tta_acc": 0.9190112213368027, "tta_f1": 0.9175218708000056, "no_tta_acc": 0.910066677508538, "no_tta_f1": 0.9072216953502602, "elapsed": 63.74000906944275}